x,y,z
-0.0005994326784275472,-0.00358902127481997,0.004079751670360565
-0.00019889189570676535,-0.0033753446768969297,0.003983105067163706
-0.00019889081886503845,-0.003488000947982073,0.004042088985443115
-0.0005977321998216212,-0.003383470233529806,0.00402796221897006
-0.0003474027616903186,-0.0033790229354053736,0.004023929592221975
-0.0005995240644551814,-0.0036629310343414545,0.004100000020116568
-0.00047685776371508837,-0.003662555478513241,0.004100000020116568
-0.0005992641090415418,-0.0035619663540273905,0.00407287385314703
-0.00034593927557580173,-0.0036706256214529276,0.004100000020116568
-0.0001988825824810192,-0.003733730874955654,0.004100000020116568
4.575640559778549e-05,-0.0036818678490817547,0.004100000020116568
0.00019888253882527351,-0.0037356994580477476,0.004100000020116568
0.00019889189570676535,-0.0033753446768969297,0.003980967216193676
-4.638501923182048e-05,-0.003680609632283449,0.004100000020116568
0.00019889080431312323,-0.0034891727846115828,0.004041486885398626
8.37810875964351e-05,-0.0033753446768969297,0.00398161681368947
0.0003480459563434124,-0.0036748559214174747,0.004100000020116568
0.0005995405954308808,-0.0036750822328031063,0.004100000020116568
0.0005977515829727054,-0.0033835398498922586,0.004022732377052307
0.0005994352977722883,-0.00358903082087636,0.004074034746736288
0.00047482099034823477,-0.003660451155155897,0.004100000020116568
0.000599213526584208,-0.0035533851478248835,0.004064259584993124
0.0003519701713230461,-0.0033791358582675457,0.004021590109914541
-0.001388969481922686,-0.0029772974085062742,0.003976122941821814
-0.0013908095424994826,-0.0033794317860156298,0.004086652770638466
-0.0017861792584881186,-0.0029765155632048845,0.004051525611430407
-0.001389607205055654,-0.0031013244297355413,0.004037035629153252
-0.001542427809908986,-0.0032844983506947756,0.004100000020116568
-0.0017870088340714574,-0.0031710451003164053,0.004100000020116568
-0.0017802282236516476,-0.0031730260234326124,0.004100000020116568
-0.001520414836704731,-0.002977115334942937,0.004032351542264223
-0.0016294284723699093,-0.0032184619922190905,0.004100000020116568
-0.001457884325645864,-0.003379351692274213,0.004100000020116568
-0.0011934218928217888,-0.003384949406608939,0.004078473895788193
-0.0009938214207068086,-0.0031451883260160685,0.004017173778265715
-0.0013773972168564796,-0.003379777306690812,0.004086111206561327
-0.0009924813639372587,-0.002979153534397483,0.00394156388938427
-0.0011700540781021118,-0.0033854173962026834,0.004075823351740837
-0.0009954954730346799,-0.003387939417734742,0.004052730742841959
-0.0011346177197992802,-0.00297848810441792,0.003953345585614443
-0.000741105992347002,-0.003387609263882041,0.004042387008666992
-0.0009482345776632428,-0.003387942910194397,0.0040512969717383385
-0.0005968559999018908,-0.0031762642320245504,0.0040002185851335526
-0.0007971716113388538,-0.0033886961173266172,0.004048081114888191
-0.000595554243773222,-0.002977231750264764,0.0039146351628005505
-0.0007641188567504287,-0.0029780478216707706,0.003926269244402647
-0.00038526050047948956,-0.002975834533572197,0.00390755757689476
-0.0001986384449992329,-0.0031382024753838778,0.003932985942810774
-0.0001984635746339336,-0.002974593546241522,0.00390020408667624
0.00019846356008201838,-0.002974593546241522,0.0038990199100226164
0.00038747943472117186,-0.002975849201902747,0.003905271412804723
0.0005968912737444043,-0.0031816656701266766,0.003997510764747858
0.0005955541855655611,-0.002977231750264764,0.003910684958100319
0.00019863981287926435,-0.0031394900288432837,0.003931671846657991
0.0007324086036533117,-0.003387464676052332,0.00403344351798296
0.0007971778395585716,-0.0033887200988829136,0.004040095955133438
0.0009939009323716164,-0.0031550521962344646,0.0040122526697814465
0.0009398679248988628,-0.0033880099654197693,0.00404265895485878
0.0007688157493248582,-0.002978070406243205,0.003921428229659796
0.000992481131106615,-0.0029791533015668392,0.003935050684958696
0.0009955143323168159,-0.003388019045814872,0.004042702727019787
0.0011403063545003533,-0.0029784610960632563,0.0039474754594266415
0.0011934272479265928,-0.003384970361366868,0.004066363908350468
0.0013659967808052897,-0.003380117705091834,0.004074291326105595
0.0013889686670154333,-0.0029772967100143433,0.003969870507717133
0.001389652257785201,-0.0031102029606699944,0.004032528027892113
0.0013908232795074582,-0.003379478584975004,0.004075176548212767
0.001156921498477459,-0.003385701682418585,0.0040622311644256115
0.0017870349111035466,-0.0031764318700879812,0.004093150142580271
0.001517570111900568,-0.0033793288748711348,0.004100000020116568
0.0017870067385956645,-0.0031678047962486744,0.004091164562851191
0.001562110730446875,-0.0033239007461816072,0.004100000020116568
0.0016529284184798598,-0.0032420309726148844,0.004100000020116568
0.0017872053431347013,-0.0032044986728578806,0.004100000020116568
0.0015289232833310962,-0.0029771027620881796,0.004027972463518381
0.0017861861269921064,-0.002976522548124194,0.004046228714287281
-0.0021885137539356947,-0.0026611678767949343,0.004060716833919287
-0.0022624025586992502,-0.0025878073647618294,0.0040634204633533955
-0.002188929356634617,-0.002585287904366851,0.004021788015961647
-0.0022743772715330124,-0.0027550298254936934,0.004100000020116568
-0.0021874273661524057,-0.00287912436760962,0.004100000020116568
-0.002319949446246028,-0.002716937568038702,0.004100000020116568
-0.00236423104070127,-0.002676628762856126,0.004100000020116568
-0.002558998065069318,-0.0025952912401407957,0.004100000020116568
-0.0019857254810631275,-0.0029777514282613993,0.004093374591320753
-0.001991846365854144,-0.0029778301250189543,0.004093771800398827
-0.0019103015074506402,-0.0025811237283051014,0.0039740800857543945
-0.0020414863247424364,-0.0029784764628857374,0.004100000020116568
-0.0017864024266600609,-0.002579272026196122,0.003955891355872154
-0.0019779352005571127,-0.00297771068289876,0.004092005547136068
-0.001786407083272934,-0.002725039841607213,0.004024986177682877
-0.001555517315864563,-0.002578129991889,0.003927885554730892
-0.0013882898492738605,-0.002739171264693141,0.003934449050575495
-0.0013878279132768512,-0.002577300649136305,0.00390779459849
-0.0009909041691571474,-0.0025768845807760954,0.0038770316168665886
-0.0005944481818005443,-0.002575961174443364,0.0038548654410988092
-0.0001981278765015304,-0.0025750144850462675,0.0038440043572336435
0.00019812783284578472,-0.0025750144850462675,0.003843408077955246
0.0005944480071775615,-0.002575961174443364,0.0038533920887857676
0.0009909034706652164,-0.002576884115114808,0.003875424386933446
0.0013878254685550928,-0.0025772983208298683,0.0039066835306584835
0.001786395558156073,-0.002579265274107456,0.003953742329031229
0.0017864026594907045,-0.0027309763245284557,0.004021928645670414
0.0015563011402264237,-0.0025781297590583563,0.003927076701074839
0.0013882950879633427,-0.002741600153967738,0.003931962884962559
0.001966373762115836,-0.0029776515439152718,0.004080141894519329
0.0019857254810631275,-0.002977753058075905,0.0040838527493178844
0.001912280567921698,-0.002581143518909812,0.003972058650106192
0.00218891235999763,-0.002585270907729864,0.004018374718725681
0.0020002329256385565,-0.002977939322590828,0.004085237625986338
0.002187136560678482,-0.0029351748526096344,0.004100000020116568
0.0021884902380406857,-0.0026629248168319464,0.004059799946844578
0.0021287957206368446,-0.002979612210765481,0.004100000020116568
0.0023743959609419107,-0.0026819196064025164,0.004100000020116568
0.00258462131023407,-0.0025959573686122894,0.004100000020116568
0.002265090122818947,-0.002587883733212948,0.004062074236571789
0.0022800329606980085,-0.002766274381428957,0.004100000020116568
0.0023225636687129736,-0.002719564363360405,0.004100000020116568
-0.0025872166734188795,-0.0022469162940979004,0.0040709287859499454
-0.002659481717273593,-0.002330761170014739,0.004100000020116568
-0.002585135865956545,-0.002188523067161441,0.004040011204779148
-0.002595288446173072,-0.0025482086930423975,0.004100000020116568
-0.0026847179979085922,-0.00228759553283453,0.004100000020116568
-0.002778145484626293,-0.0021875048987567425,0.004100000020116568
-0.0026396384928375483,-0.0021882138680666685,0.004071755334734917
-0.0027078716084361076,-0.0022503721993416548,0.004100000020116568
-0.0021844741422683,-0.0021844077855348587,0.00396511796861887
-0.002298246370628476,-0.0021855763625353575,0.0039838338270783424
-0.0021857807878404856,-0.0023019800428301096,0.003980019595474005
-0.0017846215050667524,-0.002180753042921424,0.003906776662915945
-0.0013866964727640152,-0.0021789006423205137,0.0038640014827251434
-0.0009900316363200545,-0.0021781555842608213,0.003834601491689682
-0.0005938973044976592,-0.0021776610519737005,0.003814153838902712
-0.00019794980471488088,-0.0021773113403469324,0.003803820349276066
0.0001979497610591352,-0.0021773113403469324,0.0038037237245589495
0.0005938971298746765,-0.0021776610519737005,0.0038139531388878822
0.0009900309378281236,-0.0021781548857688904,0.003834574017673731
0.001386693911626935,-0.0021788980811834335,0.0038645779713988304
0.0017846125410869718,-0.0021807439625263214,0.003906833007931709
0.0021844403818249702,-0.002184372628107667,0.003964395262300968
0.002298828912898898,-0.002185514196753502,0.0039831711910665035
0.0025961704086512327,-0.0025805667974054813,0.004100000020116568
0.0025849873200058937,-0.0021883700974285603,0.004037704784423113
0.0025871582329273224,-0.0022487561218440533,0.004069946706295013
0.002185762394219637,-0.0023028934374451637,0.00397905707359314
0.0027116057462990284,-0.0022521994542330503,0.004100000020116568
0.0026410522405058146,-0.002188072307035327,0.004070955794304609
0.0026626919861882925,-0.0023369889240711927,0.004100000020116568
0.00278769014403224,-0.002187367295846343,0.004100000020116568
0.0026846094988286495,-0.0022874835412949324,0.004100000020116568
-0.002579029416665435,-0.0017860574880614877,0.003997820895165205
-0.0026732678525149822,-0.0017860870575532317,0.004051505122333765
-0.0025804308243095875,-0.0018784238491207361,0.004006112925708294
-0.0028086418751627207,-0.0020727955270558596,0.004100000020116568
-0.002976534888148308,-0.0018368031596764922,0.004100000020116568
-0.0028565297834575176,-0.0019249123288318515,0.004100000020116568
-0.002976243384182453,-0.001785910688340664,0.004090934060513973
-0.0021806873846799135,-0.0017844950780272484,0.003928824793547392
-0.0017827528063207865,-0.0017827394185587764,0.003875470021739602
-0.0013857935555279255,-0.0017816751496866345,0.0038355495780706406
-0.0009895471157506108,-0.0017811927245929837,0.003807466011494398
-0.0005936446832492948,-0.0017809505807235837,0.0037877829745411873
-0.00019787151541095227,-0.0017808235716074705,0.003778210375458002
0.00019787151541095227,-0.0017808235716074705,0.003778629470616579
0.0005936446832492948,-0.0017809505807235837,0.003789062611758709
0.0009895475814118981,-0.001781193190254271,0.003809252055361867
0.0013857964659109712,-0.0017816780600696802,0.0038379367906600237
0.0017827681731432676,-0.001782754436135292,0.0038773484993726015
0.0021807614248245955,-0.0017845656257122755,0.003929602913558483
0.002579155843704939,-0.0017862181412056088,0.0039970045909285545
0.002976270392537117,-0.0017859404906630516,0.004088434390723705
0.002673838986083865,-0.0017862125532701612,0.00405126204714179
0.0029766287188977003,-0.0018498968565836549,0.004100000020116568
0.0028183995746076107,-0.0020676488056778908,0.004100000020116568
0.0025805069599300623,-0.0018793910276144743,0.00400521932169795
0.0028624495025724173,-0.0019279024563729763,0.004100000020116568
-0.0029771318659186363,-0.0014332847204059362,0.004077206831425428
-0.0029772091656923294,-0.001389028038829565,0.004057261627167463
-0.0030967621132731438,-0.0013896313030272722,0.004100000020116568
-0.003016478382050991,-0.0013892522547394037,0.004080065060406923
-0.0030646114610135555,-0.0014327078824862838,0.004100000020116568
-0.003055001376196742,-0.0014665639027953148,0.004100000020116568
-0.0030453919898718596,-0.0015253160381689668,0.004100000020116568
-0.0030085472390055656,-0.0017860430525615811,0.004100000020116568
-0.0026819335762411356,-0.0013880933402106166,0.003992894664406776
-0.002577736508101225,-0.0015032690716907382,0.003981361631304026
-0.002577208448201418,-0.0013877617893740535,0.003974719438701868
-0.0021788564044982195,-0.0013866445515304804,0.0039095645770430565
-0.0017816732870414853,-0.0013857821468263865,0.0038593767676502466
-0.001385270617902279,-0.0013852691045030951,0.003822037484496832
-0.0009893078822642565,-0.0013850332470610738,0.0037942668423056602
-0.000593539560213685,-0.0013849324313923717,0.0037753197830170393
-0.00019784129108302295,-0.0013848893577232957,0.0037660952657461166
0.00019784129108302295,-0.0013848893577232957,0.003766707144677639
0.000593539618421346,-0.0013849324313923717,0.003777142381295562
0.0009893081150949001,-0.0013850335963070393,0.003796720178797841
0.0013852714328095317,-0.001385270617902279,0.0038248791825026274
0.0017816736362874508,-0.0013857861049473286,0.0038619295228272676
0.00217888574115932,-0.0013866692315787077,0.003911422565579414
0.002577276900410652,-0.0013878092868253589,0.0039753480814397335
0.002681415295228362,-0.0013881316408514977,0.003993484657257795
0.002977158408612013,-0.0014340950874611735,0.004076798912137747
0.0029772394336760044,-0.0013890474801883101,0.0040564523078501225
0.0025778200943022966,-0.0015029895585030317,0.003981731366366148
0.003069672267884016,-0.0014352404978126287,0.004100000020116568
0.0030173598788678646,-0.0013892747228965163,0.00407963152974844
0.003101594280451536,-0.001389669836498797,0.004100000020116568
0.0030185836367309093,-0.001786110457032919,0.004100000020116568
0.0030497401021420956,-0.0015339795500040054,0.004100000020116568
0.0030586158391088247,-0.001470157876610756,0.004100000020116568
-0.0031060604378581047,-0.0010556436609476805,0.004100000020116568
-0.0030277473852038383,-0.000993158551864326,0.0040757618844509125
-0.0029791544657200575,-0.0009927161736413836,0.004047652240842581
-0.002978910692036152,-0.0010423802305012941,0.004048734437674284
-0.0031458439771085978,-0.000994064030237496,0.004100000020116568
-0.003087442833930254,-0.0013362825848162174,0.004100000020116568
-0.0025768675841391087,-0.0009909624932333827,0.003968234173953533
-0.0021781432442367077,-0.0009900372242555022,0.0039053992368280888
-0.0017811888828873634,-0.0009895447874441743,0.0038580296095460653
-0.0013850333634763956,-0.0009893074166029692,0.003821874037384987
-0.0009892077650874853,-0.0009892077650874853,0.0037951008416712284
-0.0005935008521191776,-0.0009891698136925697,0.0037770490162074566
-0.00019783097377512604,-0.0009891560766845942,0.003768366761505604
0.00019783098832704127,-0.0009891560766845942,0.0037690189201384783
0.0005935008521191776,-0.0009891698136925697,0.003778961021453142
0.000989207997918129,-0.000989207997918129,0.003797754878178239
0.0013850340619683266,-0.000989308231510222,0.003824810730293393
0.0017811916768550873,-0.000989546999335289,0.0038607355672866106
0.0021781539544463158,-0.0009900431614369154,0.0039079515263438225
0.0025768885388970375,-0.0009909758809953928,0.003970133140683174
0.0029791654087603092,-0.0009927221108227968,0.004049368668347597
0.0031033982522785664,-0.0010543239768594503,0.004100000020116568
0.0029789311811327934,-0.0010409264359623194,0.004050242714583874
0.003025984624400735,-0.0009931476088240743,0.0040766457095742226
0.0031396038830280304,-0.0009940172312781215,0.004100000020116568
0.003089425852522254,-0.0013353587128221989,0.004100000020116568
-0.003024414647370577,-0.0005961020360700786,0.004076380282640457
-0.0031237928196787834,-0.0006677089259028435,0.004100000020116568
-0.0029772997368127108,-0.0005957541288807988,0.004048943519592285
-0.0029775300063192844,-0.0006450256914831698,0.00404922291636467
-0.003172035561874509,-0.000596794590819627,0.004100000020116568
-0.0031282762065529823,-0.0009217113256454468,0.004100000020116568
-0.0025759877171367407,-0.0005945175071246922,0.00397271616384387
-0.002177668735384941,-0.000593916280195117,0.0039136214181780815
-0.0017809525597840548,-0.0005936487577855587,0.0038684054743498564
-0.0013849330134689808,-0.0005935403751209378,0.003833844093605876
-0.0009891699301078916,-0.0005935009685344994,0.0038082099054008722
-0.0005934876971878111,-0.0005934876971878111,0.0037911736872047186
-0.00019782780145760626,-0.0005934836808592081,0.003783023916184902
0.00019782780145760626,-0.0005934836808592081,0.0037836285773664713
0.0005934876971878111,-0.0005934876971878111,0.003792855888605118
0.0009891700465232134,-0.0005935010267421603,0.0038106238935142756
0.001384933479130268,-0.0005935406661592424,0.0038365863729268312
0.0017809539567679167,-0.0005936494562774897,0.003871059976518154
0.002177672926336527,-0.0005939178518019617,0.003916275687515736
0.0025759958662092686,-0.000594520301092416,0.0039753662422299385
0.0029773034621030092,-0.0005957514513283968,0.004052096512168646
0.0031206209678202868,-0.0009253630414605141,0.004100000020116568
0.003156851278617978,-0.0005967088509351015,0.004100000020116568
0.002977520227432251,-0.000641954829916358,0.004052385687828064
0.003112980630248785,-0.0006623944500461221,0.004100000020116568
0.003021345240995288,-0.0005960765411145985,0.0040779211558401585
-0.003156903199851513,-0.0004169133026152849,0.004100000020116568
-0.003004387952387333,-0.00019856722792610526,0.00406977254897356
-0.003114300547167659,-0.00019869988318532705,0.004100000020116568
-0.0029747604858130217,-0.0001985321141546592,0.004065946210175753
-0.002974976086989045,-0.00023224327014759183,0.0040652817115187645
-0.002575077349320054,-0.00019815520499832928,0.0039908005855977535
-0.0021773320622742176,-0.00019795828848145902,0.003933513071388006
-0.0017808295087888837,-0.00019787365454249084,0.003889714367687702
-0.0013848908711224794,-0.00019784175674431026,0.0038563518319278955
-0.0009891564259305596,-0.0001978310610866174,0.0038318284787237644
-0.000593483739066869,-0.00019782781600952148,0.003815604839473963
-0.00019782694289460778,-0.00019782694289460778,0.0038078974466770887
0.000197826957446523,-0.00019782694289460778,0.0038083866238594055
0.000593483739066869,-0.00019782781600952148,0.0038170618936419487
0.0009891564259305596,-0.00019783107563853264,0.0038339849561452866
0.0013848909875378013,-0.00019784174219239503,0.0038589336909353733
0.001780829974450171,-0.00019787345081567764,0.0038923220708966255
0.002177333226427436,-0.00019795712432824075,0.003936295863240957
0.002575078746303916,-0.00019815019913949072,0.003994010854512453
0.0029747614171355963,-0.00019852012337651104,0.004070017486810684
0.0031436376739293337,-0.00043011101661249995,0.004100000020116568
0.003000869182869792,-0.00019855026039294899,0.004073363728821278
0.0030964792240411043,-0.0001986611314350739,0.004100000020116568
0.002974951174110174,-0.00022817017452325672,0.00406946474686265
-0.0029747611843049526,0.00019851457909680903,0.004099030047655106
-0.002978702774271369,0.00019851901743095368,0.004100000020116568
-0.002575078746303916,0.00019815060659311712,0.004021384287625551
-0.0021773329935967922,0.00019795777916442603,0.003963954281061888
-0.001780829974450171,0.00019787387282121927,0.003920354414731264
-0.0013848909875378013,0.00019784188771154732,0.003887598402798176
-0.0009891564259305596,0.0001978311047423631,0.0038638401310890913
-0.000593483739066869,0.0001978278305614367,0.003848095191642642
-0.000197826957446523,0.00019782694289460778,0.0038404904771596193
0.00019782694289460778,0.00019782694289460778,0.0038407936226576567
0.000593483739066869,0.0001978278305614367,0.003849048400297761
0.0009891564259305596,0.00019783111929427832,0.0038653791416436434
0.0013848909875378013,0.00019784198957495391,0.0038895877078175545
0.0017808302072808146,0.00019787430937867612,0.003922578413039446
0.002177333226427436,0.0001979593507712707,0.003966612741351128
0.0025750792119652033,0.00019815540872514248,0.00402472959831357
0.002958801807835698,0.00019851213437505066,0.004100000020116568
0.0029747614171355963,0.00015991712280083448,0.004100000020116568
-0.002974813338369131,0.00020667068019974977,0.004100000020116568
-0.0029756207950413227,0.00019851556862704456,0.004099123179912567
-0.002575994236394763,0.0005945214070379734,0.004065881483256817
-0.002748906845226884,0.0005950511549599469,0.004100000020116568
-0.002177673624828458,0.0005939204129390419,0.004005705937743187
-0.0017809547716751695,0.0005936509696766734,0.003960661590099335
-0.0013849337119609118,0.0005935411318205297,0.003927282057702541
-0.0009891700465232134,0.0005935012013651431,0.0039034823421388865
-0.0005934876971878111,0.0005934876971878111,0.0038877129554748535
-0.00019782780145760626,0.0005934836808592081,0.0038799666799604893
0.00019782780145760626,0.0005934836808592081,0.0038800977636128664
0.0005934876971878111,0.0005934876971878111,0.003888219129294157
0.0009891700465232134,0.0005935011431574821,0.003904441837221384
0.0013849337119609118,0.0005935411318205297,0.003928806632757187
0.0017809548880904913,0.0005936513189226389,0.003962611313909292
0.0021776738576591015,0.0005939215770922601,0.004008193034678698
0.0025759947020560503,0.0005945240263827145,0.0040691629983484745
0.0027316620107740164,0.0005950019112788141,0.004100000020116568
-0.0025764936581254005,0.0008149717468768358,0.004100000020116568
-0.002178159775212407,0.0009900550357997417,0.004060676787048578
-0.0024139320012181997,0.0009906069608405232,0.004100000020116568
-0.0017811955185607076,0.0009895529365167022,0.004012441262602806
-0.0013850345276296139,0.0009893092792481184,0.003976679872721434
-0.000989207997918129,0.0009892081143334508,0.003951736725866795
-0.0005935007939115167,0.0009891698136925697,0.003935178741812706
-0.00019783097377512604,0.0009891560766845942,0.003927150741219521
0.00019783093011938035,0.0009891560766845942,0.003927250858396292
0.0005935007357038558,0.000989169697277248,0.003935546614229679
0.0009892077650874853,0.0009892078815028071,0.003952464088797569
0.0013850341783836484,0.000989308930002153,0.003977946937084198
0.0017811954021453857,0.0009895529365167022,0.004014101345092058
0.0021781607065349817,0.0009900563163682818,0.004062849096953869
0.0023996096570044756,0.0009905749466270208,0.004100000020116568
0.002576451050117612,0.0007959352224133909,0.004100000020116568
-0.0021785662975162268,0.0012073853285983205,0.004100000020116568
-0.0017816809704527259,0.0013857922749593854,0.004078765865415335
-0.001936586108058691,0.0013861441984772682,0.004100000020116568
-0.0013852727133780718,0.0013852709671482444,0.004039098974317312
-0.000989307533018291,0.0013850335963070393,0.004011683166027069
-0.0005935392691753805,0.0013849323149770498,0.003994024358689785
-0.00019784124742727727,0.0013848892413079739,0.003985429648309946
0.00019784108735620975,0.0013848892413079739,0.003985508345067501
0.0005935388617217541,0.0013849319657310843,0.003994265105575323
0.0009893064852803946,0.0013850325485691428,0.0040121073834598064
0.001385270501486957,0.0013852693373337388,0.00403986731544137
0.0017816799227148294,0.001385791227221489,0.004079658072441816
0.0019292976940050721,0.0013861283659934998,0.004100000020116568
0.0021785511635243893,0.0011980857234448195,0.004100000020116568
-0.0017819550121203065,0.001486484194174409,0.004100000020116568
-0.0013856730656698346,0.0016902225324884057,0.004100000020116568
-0.000989542226307094,0.0017811896977946162,0.004087500739842653
-0.0011458052322268486,0.0017813812009990215,0.004100000020116568
-0.0005936432280577719,0.001780949649401009,0.004066986031830311
-0.00019787131168413907,0.0017808233387768269,0.004057181999087334
0.000197870860574767,0.0017808229895308614,0.004057138692587614
0.0005936420639045537,0.0017809486016631126,0.004066730849444866
0.0009895388502627611,0.001781186554580927,0.004087064880877733
0.0011511278571560979,0.0017813832964748144,0.004100000020116568
0.0013856666628271341,0.0016907700337469578,0.004100000020116568
0.001781945931725204,0.0014841033844277263,0.004100000020116568
-0.0009896057890728116,0.0018341641407459974,0.004100000020116568
-0.0005937344976700842,0.0019252756610512733,0.004100000020116568
-0.0001979088265215978,0.0019712920766323805,0.004100000020116568
0.0001979082153411582,0.001971980556845665,0.004100000020116568
0.0005937344976700842,0.0019277200335636735,0.004100000020116568
0.0009896050905808806,0.0018366958247497678,0.004100000020116568
-0.0003939410380553454,-0.004130047746002674,0.004196282476186752
-0.0003972370468545705,-0.003967670723795891,0.004176572430878878
-0.0005743371439166367,-0.004108920227736235,0.00420309416949749
-0.0005979090929031372,-0.003978981636464596,0.004188040737062693
3.6661645636891376e-18,-0.004148788284510374,0.00419830996543169
-2.4510827446340552e-15,-0.0039733340963721275,0.0041736578568816185
-0.00019856177095789462,-0.004144034348428249,0.004197202157229185
-0.00019861759210471064,-0.003970917779952288,0.004175298847258091
0.0003939410380553454,-0.004130047746002674,0.004202262032777071
0.0003972370468545705,-0.003967670723795891,0.004178037866950035
0.00019856177095789462,-0.004144034348428249,0.004201941657811403
0.00019861759210471064,-0.003970917779952288,0.00417704600840807
0.0005979090929031372,-0.003978981636464596,0.004190847743302584
0.0005743371439166367,-0.004108920227736235,0.004207007586956024
0.0008453319314867258,-0.004062052816152573,0.004203690681606531
-0.0016303323209285736,-0.0038156933151185513,0.004210724961012602
-0.0015908482018858194,-0.0035801706835627556,0.0041773635894060135
-0.0017796320607885718,-0.0037478723097592592,0.004220449831336737
-0.001789333182387054,-0.0035781983751803637,0.004203377291560173
-0.0013900805497542024,-0.003773993346840143,0.004199327901005745
-0.0011973370565101504,-0.003795037977397442,0.004185862839221954
-0.0013914727605879307,-0.0035796472802758217,0.004154684953391552
-0.0011951682390645146,-0.00358951254747808,0.004134703427553177
-0.0010030805133283138,-0.00381550844758749,0.004174807574599981
-0.0008026593131944537,-0.003812468843534589,0.004159396514296532
-0.0009985027136281133,-0.003598514012992382,0.0041193887591362
-0.0007994506740942597,-0.003597430419176817,0.004100267309695482
-0.0005996737163513899,-0.0037640167865902185,0.004126022569835186
-0.00037420837907120585,-0.0037755281664431095,0.004124743863940239
-0.0005996981053613126,-0.0037894868291914463,0.0041328174993395805
-0.00019888182578142732,-0.0037729807663708925,0.004108298569917679
-0.0003983360657002777,-0.0037758478429168463,0.004126553889364004
-0.0005682572373189032,-0.0037873582914471626,0.004131936933845282
0.00019075941236224025,-0.003772992640733719,0.004108353517949581
-0.00019044848158955574,-0.0037729935720562935,0.0041086734272539616
0.0001988818112295121,-0.0037729800678789616,0.004107861779630184
-2.8398720956215526e-14,-0.003773465985432267,0.004122404847294092
0.0005682004266418517,-0.003787354566156864,0.004131994675844908
0.00037534275907091796,-0.0037755428347736597,0.004123580642044544
0.0003983360657002777,-0.003775847377255559,0.00412482675164938
0.0005996981635689735,-0.0037894868291914463,0.004132953472435474
0.000599673658143729,-0.00376392831094563,0.004126113373786211
0.0007997783832252026,-0.0036194028798490763,0.004100000020116568
0.0008026593131944537,-0.003812468843534589,0.00416023563593626
0.0010030805133283138,-0.00381550844758749,0.004174904432147741
0.0011973370565101504,-0.003795037744566798,0.00418399041518569
0.0009985009673982859,-0.0035985067952424288,0.00411137193441391
0.0011951674241572618,-0.0035895092878490686,0.004125356674194336
0.0016303323209285736,-0.0038156933151185513,0.004204689525067806
0.001590847852639854,-0.003580169752240181,0.004168220795691013
0.0013900804333388805,-0.0037739931140094995,0.00419525895267725
0.0013914713636040688,-0.0035796426236629486,0.004145221784710884
0.0017893330659717321,-0.00357819814234972,0.004194692242890596
0.0017796320607885718,-0.0037478723097592592,0.004211131017655134
0.002030631061643362,-0.0036188510712236166,0.004215815104544163
-0.0023853261955082417,-0.003179242368787527,0.004210468847304583
-0.0026189188938587904,-0.003217830555513501,0.004236196633428335
-0.0023975742515176535,-0.0033862446434795856,0.004237380810081959
-0.0021786822471767664,-0.00336706405505538,0.00421912269666791
-0.001987068448215723,-0.0033780119847506285,0.004191196523606777
-0.00218362919986248,-0.0031751093920320272,0.004175771027803421
-0.001985587878152728,-0.0031765117309987545,0.004138616845011711
-0.0017870340961962938,-0.003176430705934763,0.004101271275430918
-0.0017882679821923375,-0.003377770073711872,0.004150340799242258
-0.0015692929737269878,-0.0033793949987739325,0.004121090285480022
-0.0015897896373644471,-0.003379315137863159,0.004124125465750694
-0.0017880372470244765,-0.0033391339238733053,0.004139256663620472
-0.0017870304873213172,-0.0031753298826515675,0.00410112738609314
-0.0017441061791032553,-0.003378133522346616,0.0041455174796283245
0.0017516177613288164,-0.003378070890903473,0.004137774929404259
0.001578238676302135,-0.0033793540205806494,0.004111883696168661
0.0015897877747192979,-0.0033793088514357805,0.00411349069327116
0.001788267632946372,-0.0033777691423892975,0.004141639452427626
0.0017880755476653576,-0.0033456168603152037,0.004132668487727642
0.0018203611252829432,-0.003176443511620164,0.004100000020116568
0.0019855874124914408,-0.00317651079967618,0.004130692686885595
0.001987068448215723,-0.003378011751919985,0.004183177836239338
0.0023975742515176535,-0.0033862446434795856,0.00423221243545413
0.0023853261955082417,-0.003179242368787527,0.004205182194709778
0.0021786820143461227,-0.00336706405505538,0.004211171064525843
0.00218362919986248,-0.0031751086935400963,0.004166736267507076
-0.0028062101919203997,-0.002805433003231883,0.00421023927628994
-0.0030322340317070484,-0.0028316201642155647,0.004245830234140158
-0.00283326325006783,-0.0030320356599986553,0.004238479770720005
-0.0026015767361968756,-0.002753246109932661,0.004148125182837248
-0.0026022412348538637,-0.0028006951324641705,0.004159934353083372
-0.002207617973908782,-0.0029810662381350994,0.004120728466659784
-0.002186898374930024,-0.002980372868478298,0.0041159940883517265
-0.0025967166293412447,-0.002596378093585372,0.004104611463844776
-0.0026000721845775843,-0.0029984067659825087,0.004203401040285826
-0.0023912573233246803,-0.0029872197192162275,0.004163252655416727
-0.0026010237634181976,-0.0029204024467617273,0.004180795978754759
-0.002514100866392255,-0.002993794158101082,0.00418420135974884
0.0021869027987122536,-0.0029803693760186434,0.004106208682060242
0.0026016016490757465,-0.002756060566753149,0.0041452557779848576
0.0021948618814349174,-0.002980635967105627,0.004107962362468243
0.0026022272650152445,-0.0028006811626255512,0.004155443049967289
0.00259664049372077,-0.0025963028892874718,0.004101424943655729
0.0026000705547630787,-0.0029984053689986467,0.004199555143713951
0.00251771486364305,-0.0029939867090433836,0.004180660005658865
0.002391256857663393,-0.002987218787893653,0.0041566225700080395
0.0026009995490312576,-0.0029221666045486927,0.004178966395556927
0.002806207397952676,-0.002805430209264159,0.00420630257576704
0.00283326325006783,-0.0030320356599986553,0.004234256222844124
-0.0031789296772331,-0.0023854419123381376,0.004232537467032671
-0.0033862364944070578,-0.002397561678662896,0.004268128424882889
-0.0032177071552723646,-0.0026199340354651213,0.004255232401192188
-0.002998865908011794,-0.002600134117528796,0.004214829299598932
-0.0029814308509230614,-0.002232014201581478,0.004145577549934387
-0.0027513352688401937,-0.002601186977699399,0.004150592256337404
-0.0029933045152574778,-0.0025030882097780704,0.004194891545921564
-0.0029868977144360542,-0.0023909739684313536,0.004178567323833704
-0.002801258582621813,-0.0026018978096544743,0.004163859412074089
-0.002979858312755823,-0.0021864131558686495,0.004136106465011835
-0.002914181910455227,-0.002600989071652293,0.004187760408967733
0.002981268335133791,-0.0022278549149632454,0.004141438286751509
0.002915087388828397,-0.0026009767316281796,0.004186818841844797
0.002801245776936412,-0.002601885236799717,0.004160148557275534
0.002753250999376178,-0.002601201646029949,0.004148637875914574
0.0029933711048215628,-0.0025043003261089325,0.004193703178316355
0.0029868921265006065,-0.002390968846157193,0.004175305832177401
0.0029798366595059633,-0.002186393365263939,0.004133353941142559
0.002998864045366645,-0.002600132254883647,0.004212364554405212
0.0031789285130798817,-0.002385440981015563,0.004231025464832783
0.0032177071552723646,-0.0026199340354651213,0.004253091756254435
-0.00336674926802516,-0.002178432885557413,0.004255196545273066
-0.0031747727189213037,-0.0021834445651620626,0.00420241616666317
-0.0033776876516640186,-0.001986514078453183,0.004233883693814278
-0.003176224185153842,-0.0019852661062031984,0.004174656234681606
-0.0029773216228932142,-0.0019633148331195116,0.004122679587453604
-0.0029774275608360767,-0.0019854065030813217,0.004125469829887152
-0.0029777465388178825,-0.0020123447757214308,0.0041274321265518665
0.00297732837498188,-0.001964915543794632,0.004121036268770695
0.00297742523252964,-0.00198540510609746,0.004123428370803595
0.0029777162708342075,-0.002010075841099024,0.004125124309211969
0.003176223486661911,-0.001985265640541911,0.004173062276095152
0.0031747687608003616,-0.002183441072702408,0.0042013805359601974
0.003536706091836095,-0.0021690342109650373,0.004279848653823137
0.0036184494383633137,-0.0020296559669077396,0.004275955725461245
0.0033667488023638725,-0.002178432419896126,0.004255511797964573
0.0033776876516640186,-0.001986514078453183,0.0042313276790082455
-0.003578063566237688,-0.0017892479663714767,0.004267795942723751
-0.003579815151169896,-0.0015910484362393618,0.004250877536833286
-0.00374805461615324,-0.0017801130888983607,0.00429747998714447
-0.003814994590356946,-0.0016306678298860788,0.0043007987551391125
-0.0031399778090417385,-0.0017866839189082384,0.004137109033763409
-0.0033034104853868484,-0.0017875978955999017,0.004175330977886915
-0.0031762151047587395,-0.0017868031281977892,0.0041434564627707005
-0.0033794837072491646,-0.00151311163790524,0.004179074428975582
-0.0033791230525821447,-0.0015898790443316102,0.004188215360045433
-0.0033783118706196547,-0.0016956398030743003,0.004195390269160271
-0.0033795470371842384,-0.0013911364367231727,0.0041598849929869175
-0.0033775530755519867,-0.00178804830648005,0.0042007118463516235
0.0031427182257175446,-0.0017866988200694323,0.004134307615458965
0.0033794657792896032,-0.0015167287783697248,0.004175348673015833
0.0033066857140511274,-0.0017876195488497615,0.004172004293650389
0.003378278808668256,-0.0016997081693261862,0.0041911909356713295
0.003176218830049038,-0.0017868074355646968,0.004139828961342573
0.0033795402850955725,-0.0013911352725699544,0.004157294984906912
0.0033791211899369955,-0.0015898786950856447,0.004183304030448198
0.003377553541213274,-0.0017880488885566592,0.004195983987301588
0.0035798149183392525,-0.0015910484362393618,0.004245236050337553
0.0035780637990683317,-0.0017892479663714767,0.004262079019099474
-0.0037742352578788996,-0.0013905304949730635,0.004294297657907009
-0.0035796647425740957,-0.0013918750919401646,0.004235361237078905
-0.003795369528234005,-0.0011983857257291675,0.004289636854082346
-0.0035896683111786842,-0.0011959262192249298,0.004223999567329884
-0.003386245807632804,-0.0011339419288560748,0.0041621350683271885
-0.003387963632121682,-0.0009961151517927647,0.004145731218159199
-0.003385061165317893,-0.0011939648538827896,0.004166849423199892
-0.003381091868504882,-0.0013322830200195312,0.004161017946898937
0.0033862360287457705,-0.0011344579979777336,0.0041616009548306465
0.0033850609324872494,-0.0011939649702981114,0.0041659860871732235
0.003381031332537532,-0.0013343917671591043,0.004158830735832453
0.0033879708498716354,-0.000996116898022592,0.0041464646346867085
0.0035896683111786842,-0.001195926102809608,0.0042224763892591
0.003579663345590234,-0.0013918746262788773,0.004231157246977091
0.003875765949487686,-0.0011989950435236096,0.0043045454658567905
0.003774235025048256,-0.0013905303785577416,0.004289729055017233
0.003850009758025408,-0.0013780927984043956,0.0043045454658567905
0.003795369528234005,-0.0011983857257291675,0.004288340453058481
-0.0038123882841318846,-0.000803999719209969,0.004282161593437195
-0.0038156004156917334,-0.0010045695817098022,0.004288397263735533
-0.0035975100472569466,-0.0008003929979167879,0.004209005273878574
-0.0035986679140478373,-0.0009995014406740665,0.0042177108116447926
-0.0033879620023071766,-0.0009508823859505355,0.00414661131799221
-0.0033830543980002403,-0.0005980553105473518,0.004132748581469059
-0.0033877904061228037,-0.0007496828329749405,0.0041494243778288364
-0.003388738725334406,-0.000797813932877034,0.0041536130011081696
0.003387753153219819,-0.0007473816513083875,0.004151786677539349
0.003388745477423072,-0.0007978137582540512,0.00415567634627223
0.003383090952411294,-0.0005980600835755467,0.004135480150580406
0.0033879727125167847,-0.0009497046121396124,0.004147827625274658
0.003597511909902096,-0.0008003918337635696,0.004211703315377235
0.003598668845370412,-0.0009995013242587447,0.004218620248138905
0.003886658698320389,-0.0008168107597157359,0.0043045454658567905
0.003815600648522377,-0.0010045692324638367,0.004290573764592409
0.00388443935662508,-0.0010100456420332193,0.0043045454658567905
0.003812388749793172,-0.0008039981476031244,0.0042868321761488914
-0.0035166835878044367,-0.0005996452528052032,0.004172679968178272
-0.0036795216146856546,-0.0006003445014357567,0.004212528001517057
-0.0035892461892217398,-0.0006001779111102223,0.004193934611976147
-0.003776510478928685,-0.00039865568396635354,0.004261097405105829
-0.003779233666136861,-0.00044019895722158253,0.004262442234903574
-0.003375731874257326,-0.0001990131859201938,0.004161150194704533
-0.00357493432238698,-0.00019899978360626847,0.004202285781502724
-0.0033774261828511953,-0.0002696904994081706,0.004136163741350174
-0.0037746080197393894,-0.0002428464067634195,0.0042596133425831795
-0.0037740080151706934,-0.00019898454775102437,0.004256351385265589
-0.003789727808907628,-0.0006004874012432992,0.004261943511664867
0.0033757321070879698,-0.0001989834854612127,0.004165362101048231
0.0033775423653423786,-0.0002744979574345052,0.004138636402785778
0.00367591786198318,-0.0006003342568874359,0.004216208588331938
0.0035892524756491184,-0.0006001753499731421,0.004197670146822929
0.003775971941649914,-0.00035884094540961087,0.004263800103217363
0.0037788639310747385,-0.00043450595694594085,0.0042681824415922165
0.0035953535698354244,-0.00019893344142474234,0.004212770611047745
0.0035139573737978935,-0.000599622493609786,0.00417541665956378
0.0037765121087431908,-0.0003986230003647506,0.00426689675077796
0.003774017794057727,-0.00019889687246177346,0.00426242221146822
0.00378972920589149,-0.0006004792521707714,0.004268629010766745
0.0038768744561821222,-0.00039798018406145275,0.0043045454658567905
0.003879983676597476,-0.0005995761603116989,0.0043045454658567905
-0.003774405922740698,-1.3419207789411303e-05,0.00429087970405817
-0.0037741009145975113,0.00018688544514589012,0.004292237106710672
-0.0033757321070879698,0.00019896651792805642,0.004188530147075653
-0.0037171500734984875,0.00019887472444679588,0.004275310784578323
-0.0033757321070879698,0.00011686806828947738,0.004184390883892775
-0.0037744464352726936,-1.3416632782536908e-07,0.00429291557520628
-0.0037740638945251703,0.0001988596486626193,0.004291299264878035
0.0029747614171355963,0.00019852699188049883,0.004103322513401508
0.0033757321070879698,0.0001989963639061898,0.004192606080323458
0.0033757321070879698,0.00011320074554532766,0.004188191145658493
0.003774438053369522,4.16463353758445e-06,0.0043003372848033905
0.0037744503933936357,7.221974840376788e-08,0.0043006762862205505
0.0037741325795650482,-0.0001631295308470726,0.0042677647434175014
0.0037740753032267094,0.00019895248988177627,0.004298483952879906
0.0037473291158676147,0.0001989560987567529,0.00429080706089735
0.0037852132227271795,8.037056176135593e-08,0.0043045454658567905
0.003861465957015753,-0.00019870282267220318,0.0043045454658567905
-0.003465773304924369,0.0005992980441078544,0.0042237830348312855
-0.0037762036081403494,0.00037555693415924907,0.004328153561800718
-0.003776515368372202,0.00039860993274487555,0.00433047441765666
-0.003774220123887062,0.00021018578263465315,0.004292947240173817
-0.003774812677875161,0.00025847594952210784,0.0043045454658567905
-0.003383918199688196,0.0005983180017210543,0.004198347683995962
-0.0037783526349812746,0.0004266584583092481,0.004332968033850193
-0.0033793023321777582,0.00034790177596732974,0.0041761999018490314
-0.0036641997285187244,0.0006003215094096959,0.0043045454658567905
-0.0036125387996435165,0.0006002559675835073,0.004280943423509598
-0.0035893849562853575,0.0006002142326906323,0.004276928026229143
-0.0037897273432463408,0.000600475468672812,0.004349107854068279
-0.002977045252919197,0.0005553807714022696,0.004141575191169977
-0.002977303694933653,0.0005957509856671095,0.004143710248172283
-0.003066850593313575,0.0005964113515801728,0.004144891630858183
0.0029773039277642965,0.0005957561079412699,0.00414690375328064
0.003075521206483245,0.0005964803858660161,0.004149238578975201
0.002977026393637061,0.000552408630028367,0.004144642036408186
0.0029785369988530874,0.0001985314447665587,0.004103851970285177
0.003383966162800789,0.0005983392475172877,0.004201992880553007
0.003379515837877989,0.00035682987072505057,0.004180757328867912
0.003607729682698846,0.0006002550944685936,0.004285855684429407
0.0037897261790931225,0.0006004834431223571,0.004354896955192089
0.0037787682376801968,0.0004330574593041092,0.004339422564953566
0.0037765137385576963,0.00039864276186563075,0.004336394369602203
0.003462691092863679,0.0005992820952087641,0.004226876888424158
0.0036470333579927683,0.0006003059097565711,0.0043045454658567905
0.0035893945023417473,0.0006002216832712293,0.004282632376998663
0.0037741470150649548,0.00020414251775946468,0.004299229942262173
0.00377440988086164,0.0002255525760119781,0.0043045454658567905
0.003786347806453705,0.00019892738782800734,0.0043045454658567905
-0.003595394315198064,0.0007469028932973742,0.0043045454658567905
-0.0033866812009364367,0.0006820174749009311,0.004218969494104385
-0.0033887792378664017,0.0008491034968756139,0.004251714330166578
-0.0033890274353325367,0.0007978956564329565,0.004250249359756708
-0.0029775239527225494,0.0006426395266316831,0.004148319363594055
-0.002979168901219964,0.00099272932857275,0.00419814046472311
-0.0032739287707954645,0.0009954033885151148,0.004247032105922699
-0.0033889797050505877,0.000996383954770863,0.004273394588381052
-0.002576892264187336,0.00099098845385015,0.00412726029753685
0.0025768931955099106,0.0009909900836646557,0.004129690118134022
0.0029791691340506077,0.0009927309583872557,0.00419967994093895
0.0033890409395098686,0.0007979017682373524,0.004254811443388462
0.003389013698324561,0.0009963936172425747,0.004277641884982586
0.002977539785206318,0.00064593565184623,0.004151711240410805
0.003388812765479088,0.0008449312299489975,0.004256024956703186
0.0033866323065012693,0.0006790381739847362,0.004222035873681307
0.0032879915088415146,0.0009955319110304117,0.004254046827554703
0.00354977510869503,0.0007998443907126784,0.0043045454658567905
0.0035941586829721928,0.0007165135466493666,0.0043045454658567905
-0.003384322626516223,0.0012262125965207815,0.004337950609624386
-0.0033852511551231146,0.0011940206168219447,0.00433330750092864
-0.003387295641005039,0.0010936594335362315,0.0043045454658567905
-0.003279727650806308,0.0013907691463828087,0.004355525132268667
-0.0029772543348371983,0.0013890748377889395,0.00426185317337513
-0.003379896515980363,0.001391253201290965,0.004364492371678352
-0.0029779206961393356,0.0012511175591498613,0.004242394119501114
-0.0033886923920363188,0.001021128031425178,0.004278984386473894
-0.002577289706096053,0.0013878525933250785,0.004193463362753391
-0.0021789015736430883,0.001386694610118866,0.004132445435971022
0.002178905298933387,0.0013866983354091644,0.0041335406713187695
0.0025772922672331333,0.0013878555037081242,0.004194107372313738
0.002977255266159773,0.001389075885526836,0.0042618876323103905
0.0033852464985102415,0.0011940194526687264,0.004336044657975435
0.0033842334523797035,0.0012291460298001766,0.004340995568782091
0.0033875550143420696,0.0010806062491610646,0.0043045454658567905
0.003388765035197139,0.0010177848162129521,0.004282447509467602
0.002977923257276416,0.0012507574865594506,0.004242767114192247
0.0033798925578594208,0.001391251920722425,0.004365519154816866
0.0032777879387140274,0.0013907586690038443,0.004356510005891323
0.0034523792564868927,0.0009973762789741158,0.0043045454658567905
-0.003040382405743003,0.0017864744877442718,0.004369865171611309
-0.0033136815764009953,0.0017876883503049612,0.0044441670179367065
-0.0031762856524437666,0.0017868707654997706,0.004414093215018511
-0.003378045279532671,0.001729243784211576,0.00444837799295783
-0.003379739122465253,0.0014662330504506826,0.004381714388728142
-0.0029767563100904226,0.001706422190181911,0.0043456763960421085
-0.0033775647170841694,0.0017880614614114165,0.004456710070371628
-0.002976560965180397,0.0017862276872619987,0.00435531185939908
-0.0033791298046708107,0.0015898843994364142,0.004417927470058203
-0.0025778249837458134,0.0014956850791350007,0.004210703540593386
-0.0025792676024138927,0.0017863347893580794,0.004266015253961086
-0.002895686309784651,0.0017863045213744044,0.0043462123721838
-0.002684246050193906,0.0013881794875487685,0.0042093973606824875
-0.0021807628218084574,0.0017845737747848034,0.004207483492791653
-0.0017827613046392798,0.0017827458214014769,0.004159262403845787
-0.0013857930898666382,0.0017816752661019564,0.004118943586945534
0.001385784475132823,0.0017816689796745777,0.004118543583899736
0.0017827540868893266,0.0017827384872362018,0.00415858905762434
0.0021807753946632147,0.0017845862312242389,0.004206727258861065
0.0025792752858251333,0.0017863425891846418,0.004263949580490589
0.0029031443409621716,0.0017863058019429445,0.004342374391853809
0.002976746531203389,0.0017132225912064314,0.004342174623161554
0.0026849096175283194,0.001388183911330998,0.004210073500871658
0.002577828476205468,0.0014955849619582295,0.004210596438497305
0.0029765688814222813,0.0017862352542579174,0.004350342787802219
0.003377564949914813,0.0017880615778267384,0.0044524697586894035
0.003378078108653426,0.001725265639834106,0.004444271791726351
0.003379734931513667,0.0014670026721432805,0.0043825069442391396
0.0033085844479501247,0.001787658897228539,0.004438986536115408
0.0030335565097630024,0.001786456094123423,0.0043628704734146595
0.003379130270332098,0.001589884632267058,0.004416965879499912
0.0031762870494276285,0.001786871929652989,0.0044099027290940285
-0.002976946998387575,0.0018490144284442067,0.004368909634649754
-0.002978669013828039,0.0020634657703340054,0.004429910331964493
-0.0025853686966001987,0.0021887756884098053,0.00435265526175499
-0.0025824157055467367,0.0019939865451306105,0.004311083350330591
-0.002751526888459921,0.00218791700899601,0.004423034843057394
-0.002977656899020076,0.0019856190774589777,0.0044121332466602325
-0.0029803053475916386,0.00218682992272079,0.004449755884706974
-0.002184436656534672,0.002184361917898059,0.00428977282717824
-0.001784567255526781,0.002180706011131406,0.004240005277097225
-0.0013866698136553168,0.0021788685116916895,0.004202700685709715
-0.0009900189470499754,0.0021781460382044315,0.004174959845840931
-0.000593894044868648,0.0021776589564979076,0.004155581351369619
-0.00019794941181316972,0.002177310874685645,0.004145557526499033
0.00019794833497144282,0.002177310176193714,0.0041453177109360695
0.0005938919493928552,0.0021776568610221148,0.004154670517891645
0.0009900121949613094,0.0021781388204544783,0.004173681605607271
0.0013866419903934002,0.0021788529120385647,0.004201240371912718
0.0017845295369625092,0.0021806664299219847,0.004237777553498745
0.002184479497373104,0.0021844031289219856,0.004287685267627239
0.0025853875558823347,0.0021887943148612976,0.00434883264824748
0.002978736301884055,0.002068451140075922,0.004424841143190861
0.0029769111424684525,0.0018417411483824253,0.004361444618552923
0.0029776592273265123,0.0019856204744428396,0.004405657760798931
0.002758368384093046,0.00218789279460907,0.004419497214257717
0.0025823626201599836,0.0019896267913281918,0.0043066381476819515
0.002980307675898075,0.0021868280600756407,0.004443510435521603
-0.0029819360934197903,0.002235118532553315,0.004460806958377361
-0.0029868099372833967,0.002379563171416521,0.0045090909115970135
-0.0029739176388829947,0.0023845797404646873,0.0045090909115970135
-0.00273701804690063,0.0025999622885137796,0.0045090909115970135
-0.002597179962322116,0.0025968269910663366,0.004472751636058092
-0.002590624615550041,0.0023387097753584385,0.0044343979097902775
-0.0027694811578840017,0.002541311550885439,0.0045090909115970135
-0.0028593959286808968,0.0024613996502012014,0.0045090909115970135
-0.002316424623131752,0.0025893955025821924,0.004445465747267008
-0.002186907222494483,0.002428032923489809,0.0043488782830536366
-0.0021884976886212826,0.002584894187748432,0.004385894164443016
-0.002404712373390794,0.002186786849051714,0.004324758425354958
-0.0017862697131931782,0.002579147694632411,0.004330666270107031
-0.0013877790188416839,0.002577281789854169,0.004290259908884764
-0.000990889617241919,0.0025768785271793604,0.004262597765773535
-0.0005944445147179067,0.0025759597774595022,0.004243030212819576
-0.00019812760001514107,0.0025750137865543365,0.004233238752931356
0.00019812512618955225,0.002575012855231762,0.004232988227158785
0.0005944420117884874,0.002575957216322422,0.004241699818521738
0.000990876229479909,0.0025768603663891554,0.004260488320142031
0.001387733151204884,0.002577218459919095,0.004287012852728367
0.0017861141823232174,0.0025790317449718714,0.0043260520324110985
0.002188654849305749,0.0025850438978523016,0.004379012621939182
0.0025909908581525087,0.0023486874997615814,0.004429435357451439
0.002327965572476387,0.002589901676401496,0.00443978002294898
0.00240063457749784,0.002186770783737302,0.004320567473769188
0.0021869547199457884,0.002421912970021367,0.004342519678175449
0.002597333863377571,0.002596978098154068,0.004464373923838139
0.0029820611234754324,0.0022387525532394648,0.004457172937691212
0.002772714477032423,0.002600907813757658,0.0045090909115970135
0.002860960317775607,0.002462955890223384,0.0045090909115970135
0.002786802826449275,0.0025744722224771976,0.0045090909115970135
0.0029877210035920143,0.002400805940851569,0.0045090909115970135
0.0029872062150388956,0.0023912766482681036,0.004506380762904882
-0.0021883808076381683,0.0029799723997712135,0.004507164005190134
-0.002599752973765135,0.0027097451966255903,0.0045090909115970135
-0.0024875332601368427,0.002740879077464342,0.0045090909115970135
-0.0023140700068324804,0.002834234619513154,0.0045090909115970135
-0.002187873236835003,0.0026972810737788677,0.004450896289199591
-0.0021864529699087143,0.0029799065086990595,0.004506940953433514
-0.0021950036752969027,0.0029801989439874887,0.0045090909115970135
-0.0023944522254168987,0.002791821490973234,0.004509091377258301
-0.002003358444198966,0.002977747470140457,0.004490915220230818
-0.002049845177680254,0.002582913264632225,0.004368073306977749
-0.001786287291906774,0.0027482924051582813,0.004422051832079887
-0.0019636114593595266,0.002977437572553754,0.004486598540097475
-0.001985518727451563,0.0029775407165288925,0.00448987353593111
-0.0017860867083072662,0.0029764233622699976,0.004456768743693829
-0.001388495322316885,0.002824061783030629,0.004352389369159937
-0.0015930853551253676,0.0025782431475818157,0.004310768563300371
-0.0013889400288462639,0.0029772811103612185,0.004389737732708454
-0.0015193967847153544,0.0029770710971206427,0.004441939294338226
-0.0009924727492034435,0.002979149343445897,0.004359381273388863
-0.0005955520900897682,0.002977230818942189,0.0043378667905926704
-0.00019846332725137472,0.0029745930805802345,0.004326002672314644
0.0001984624395845458,0.0029745926149189472,0.00432554492726922
0.0005955501110292971,0.0029772280249744654,0.004335941281169653
0.0009924658806994557,0.00297913933172822,0.004356706980615854
0.001388921053148806,0.0029772520065307617,0.0043858750723302364
0.0017861960222944617,0.0027549038641154766,0.004418613854795694
0.0017860722728073597,0.002976411720737815,0.004451476037502289
0.0015887597110122442,0.0025781334843486547,0.004306431394070387
0.0015263857785612345,0.002977037103846669,0.004438333213329315
0.0013884510844945908,0.002818988636136055,0.004347244743257761
0.0019855208229273558,0.0029775446746498346,0.004481967072933912
0.0020107333548367023,0.002977838274091482,0.004483404569327831
0.0021879414562135935,0.002705368911847472,0.004446764010936022
0.0020429694559425116,0.002582868095487356,0.00436103530228138
0.0021864695008844137,0.002979930490255356,0.004496920853853226
0.0019548332784324884,0.0029773986898362637,0.004477585665881634
0.0021973196417093277,0.002980301156640053,0.004498246591538191
0.0022373332176357508,0.0029816660098731518,0.0045090909115970135
0.0023295292630791664,0.00286487746052444,0.0045090909115970135
0.0024089934304356575,0.0028064276557415724,0.0045090909115970135
0.0026005920954048634,0.002739687915891409,0.0045090909115970135
0.0025242704432457685,0.0027600571047514677,0.0045090909115970135
-0.0017868782160803676,0.0031555164605379105,0.0045090909115970135
-0.0016025572549551725,0.00319151789881289,0.004509091377258301
-0.001756856800056994,0.003161308355629444,0.0045090909115970135
-0.0015187103999778628,0.003237037919461727,0.004509091377258301
-0.001390681485645473,0.0033560392912477255,0.0045090909115970135
-0.0013894934672862291,0.003083535237237811,0.004455151967704296
-0.0011930421460419893,0.0033849196042865515,0.004508709069341421
-0.00099544960539788,0.0033877494279295206,0.004485722165554762
-0.0011934110661968589,0.003384912386536598,0.004508749581873417
-0.001128411153331399,0.0029785088263452053,0.0043688248842954636
-0.0009936005808413029,0.003118536900728941,0.004439558833837509
-0.0012071197852492332,0.003384527051821351,0.0045090909115970135
-0.0007711157668381929,0.0033881079871207476,0.004482338670641184
-0.0007971498416736722,0.0033886136952787638,0.004484639968723059
-0.0005966067546978593,0.003138365689665079,0.004428309854120016
-0.0008395223412662745,0.002978410106152296,0.004351451527327299
-0.0009728530421853065,0.003387745004147291,0.004485806450247765
-0.0005976238753646612,0.0033830811735242605,0.004466253332793713
-0.000286033347947523,0.0033775027841329575,0.0044644554145634174
-0.00019878699094988406,0.00327727640978992,0.004408982582390308
-0.00019889185205101967,0.003375344444066286,0.004433830734342337
-0.0004243866424076259,0.0029760939069092274,0.004332752898335457
0.0001988916628761217,0.003375344444066286,0.0044332947582006454
0.0005966296885162592,0.0031420555897057056,0.004426458850502968
0.000423097430029884,0.002976083429530263,0.004331426229327917
0.0005976308020763099,0.003383106552064419,0.004464316181838512
0.00019878601597156376,0.003276699222624302,0.004408393520861864
0.0002882524859160185,0.0033775577321648598,0.004463318735361099
0.0007678099209442735,0.003388052573427558,0.004478939343243837
0.0007971520535647869,0.0033886225428432226,0.004481552634388208
0.0008370146970264614,0.002978390781208873,0.004348871763795614
0.0009696888155303895,0.0033877689857035875,0.004482540301978588
0.0009936247952282429,0.0031221050303429365,0.0044377753511071205
0.0009954546112567186,0.003387773409485817,0.004482530057430267
0.0011888869339600205,0.00338500807993114,0.0045044091530144215
0.0011934119975194335,0.0033849175088107586,0.004504898097366095
0.0013907800894230604,0.003378065302968025,0.0045090909115970135
0.0012608907418325543,0.0029778615571558475,0.004376980476081371
0.001389498938806355,0.0030872717034071684,0.004453244153410196
0.0013796472921967506,0.0033796834759414196,0.0045090909115970135
0.0015278735663741827,0.0032553826458752155,0.004509091377258301
0.0016172357136383653,0.0032062348909676075,0.004509091377258301
0.0017869743751361966,0.0031763711012899876,0.004508481360971928
0.001786971464753151,0.003175535937771201,0.0045082359574735165
0.0017869876464828849,0.003178482176735997,0.0045090909115970135
-0.0005988889024592936,0.00353263970464468,0.0045090909115970135
-0.00034063230850733817,0.003521799109876156,0.004509091377258301
-0.00019888686074409634,0.003568112151697278,0.004509091377258301
-0.00019889124087058008,0.003439845284447074,0.004475934896618128
-0.0004942254163324833,0.0035328746307641268,0.0045090909115970135
-0.0002774493186734617,0.003533093025907874,0.004509091377258301
0.00019889108079951257,0.0034403479658067226,0.004475676454603672
0.00019888671522494406,0.003570105414837599,0.004509091377258301
-0.0001159741441369988,0.0035413166042417288,0.004509091377258301
0.00012536732538137585,0.003375344444066286,0.004433476831763983
0.00011569600610528141,0.0035418730694800615,0.004509091377258301
0.00027940163272432983,0.0035370136611163616,0.004509091377258301
0.00034532390418462455,0.003526646876707673,0.004509091377258301
0.0005063280113972723,0.003539330093190074,0.0045090909115970135
0.0005989580531604588,0.0035399452317506075,0.0045090909115970135
-0.003806070890277624,0.0015781022375449538,0.0045090909115970135
-0.0037755342200398445,0.00162401981651783,0.0045090909115970135
-0.003814994590356946,0.0016306678298860788,0.004516430664807558
0.0038105552084743977,0.0016045169904828072,0.0045090909115970135
0.003834773786365986,0.001580098527483642,0.0045090909115970135
0.003814994590356946,0.0016306678298860788,0.0045124986208975315
-0.0036184494383633137,0.0020296559669077396,0.004552554804831743
-0.00374805461615324,0.0017801130888983607,0.004543812945485115
-0.0035780626349151134,0.001789248432032764,0.004520611837506294
-0.0033777060452848673,0.0019865327049046755,0.00451639574021101
-0.0033776869531720877,0.001960588851943612,0.0045090909115970135
-0.0033531638327986,0.0019863895140588284,0.0045090909115970135
0.00357806240208447,0.0017892483156174421,0.004513135179877281
0.0036184494383633137,0.0020296559669077396,0.004541763570159674
0.0033858332317322493,0.0019879883620887995,0.0045090909115970135
0.00356428325176239,0.0017891665920615196,0.0045090909115970135
-0.003181875217705965,0.002183435019105673,0.0045090909115970135
-0.0031750847119838,0.0021901228465139866,0.0045090909115970135
-0.0031791708897799253,0.0023856747429817915,0.004559884313493967
-0.003366773948073387,0.0021784573327749968,0.004555025137960911
-0.0033862364944070578,0.002397561678662896,0.004582823719829321
-0.0027876412495970726,0.0026014898903667927,0.0045226579532027245
-0.0029961171094328165,0.0025561214424669743,0.004551908001303673
-0.0029872055165469646,0.0023912759497761726,0.004512676037847996
-0.0028010194655507803,0.002601671265438199,0.00452586030587554
-0.0029984836000949144,0.0025997746270149946,0.004563035909086466
-0.002957199700176716,0.0026002360973507166,0.004551922902464867
0.0029587820172309875,0.002600219799205661,0.0045502823777496815
0.0029984840657562017,0.002599775092676282,0.004560351837426424
0.002801007591187954,0.00260165985673666,0.004516123328357935
0.0029962079133838415,0.0025577873457223177,0.004550274461507797
0.002795188222080469,0.0026015816256403923,0.004514993168413639
0.002996947383508086,0.0023909923620522022,0.0045090909115970135
0.003175622783601284,0.002215850632637739,0.0045090909115970135
0.0031791708897799253,0.002385674975812435,0.004553890321403742
0.0033862364944070578,0.002397561678662896,0.004575964063405991
0.003366773948073387,0.0021784573327749968,0.0045466069132089615
0.003536706091836095,0.0021690342109650373,0.004560184199362993
-0.0030322340317070484,0.0028316201642155647,0.004604201763868332
-0.002806194359436631,0.0028054206632077694,0.0045820195227861404
-0.002601075917482376,0.0029399385675787926,0.0045699565671384335
-0.0026019855868071318,0.0027783496771007776,0.004531820770353079
-0.0026023166719824076,0.002800777554512024,0.004537687171250582
-0.002600426087155938,0.0029987688176333904,0.00458938954398036
-0.002390953479334712,0.00298690446652472,0.004555815830826759
-0.0025321384891867638,0.0029948947485536337,0.004575760569423437
0.0025389844086021185,0.0029952838085591793,0.004569077864289284
0.002600426087155938,0.0029987685848027468,0.004580465145409107
0.0026010186411440372,0.0029452284798026085,0.0045644850470125675
0.0023909599985927343,0.0029869095887988806,0.004544352181255817
0.0026020880322903395,0.0027860316913574934,0.004524023737758398
0.002602304331958294,0.0028007652144879103,0.004527576733380556
0.0028061936609447002,0.002805420197546482,0.004575949162244797
0.0030322340317070484,0.0028316201642155647,0.004606587812304497
0.0032177071552723646,0.0026199340354651213,0.004592166282236576
-0.0026189188938587904,0.003217830555513501,0.004628903232514858
-0.002385081723332405,0.003179001621901989,0.004609227646142244
-0.001985491719096899,0.0031764134764671326,0.004545941483229399
-0.0021834501530975103,0.0031749282497912645,0.004577228799462318
-0.0021863726433366537,0.002985226223245263,0.0045090909115970135
-0.0019855082500725985,0.0030411225743591785,0.0045090909115970135
-0.0017879640217870474,0.003330803709104657,0.004556787200272083
-0.0017869805451482534,0.0031763764563947916,0.004514785949140787
-0.0015563684282824397,0.003379450412467122,0.004543479066342115
-0.0017869630828499794,0.0031715065706521273,0.0045140767470002174
-0.0013907944085076451,0.0033793936017900705,0.0045136380940675735
-0.0017882537795230746,0.003377756103873253,0.0045690895058214664
-0.0017350541893392801,0.0033781970851123333,0.0045639267191290855
-0.0015897877747192979,0.003379319328814745,0.004547442309558392
-0.0013865000801160932,0.003379503032192588,0.004513537511229515
0.0013905505184084177,0.003379377769306302,0.00450933538377285
0.001390786492265761,0.003379371715709567,0.004509338177740574
0.001787991146557033,0.0033354770857840776,0.004552038386464119
0.0017882526153698564,0.003377754706889391,0.0045618475414812565
0.001741464133374393,0.0033781426027417183,0.004557318519800901
0.0015615695156157017,0.003379425499588251,0.004538125358521938
0.0015897857956588268,0.0033793144393712282,0.004540806636214256
0.001790953683666885,0.0031763717997819185,0.0045090909115970135
0.001985505223274231,0.003071035258471966,0.0045090909115970135
0.0019854919519275427,0.0031764137092977762,0.004537001717835665
0.0021859987173229456,0.0030109493527561426,0.0045090909115970135
0.0021834548097103834,0.0031749322079122066,0.004566514864563942
0.0023850828874856234,0.0031790027860552073,0.004597928840667009
0.0026189188938587904,0.003217830555513501,0.004619123414158821
0.00283326325006783,0.0030320356599986553,0.004613988101482391
-0.001987048424780369,0.0033779919613152742,0.004604407586157322
-0.002030631061643362,0.0036188510712236166,0.004646101035177708
-0.0021786571014672518,0.0033670386765152216,0.004627188201993704
-0.002169363433495164,0.00353725696913898,0.004647891502827406
-0.0017893316689878702,0.0035781972110271454,0.004631277173757553
-0.0015908480854704976,0.003580172313377261,0.004608721472322941
-0.0011934194481000304,0.0033859030809253454,0.0045090909115970135
-0.0011951705673709512,0.0035895220935344696,0.0045713079161942005
-0.0013914757873862982,0.0035796589218080044,0.004589076153934002
-0.0007994562038220465,0.0035974520724266768,0.00454406114295125
-0.0009985096985474229,0.003598543582484126,0.0045608095824718475
-0.0009963021147996187,0.0034487058874219656,0.0045090909115970135
-0.0007980366353876889,0.0034701121039688587,0.0045090909115970135
-0.0005994301754981279,0.0035890124272555113,0.00452411687001586
-0.0003403289883863181,0.0037750888150185347,0.004568580072373152
-0.0005993459490127861,0.003575872629880905,0.004522256553173065
-0.00019888300448656082,0.00377303222194314,0.004554236773401499
-0.0005996447871439159,0.003731601871550083,0.0045682406052947044
-0.0005295865121297538,0.0037847489584237337,0.004580310545861721
-0.0005997002590447664,0.003789495676755905,0.0045840865932404995
-0.0003983365895692259,0.0037758571561425924,0.0045725456438958645
-2.0338145230447413e-12,0.0037734813522547483,0.004566270858049393
0.00019888297538273036,0.0037730312906205654,0.0045537096448242664
-0.00015359856479335576,0.0037731006741523743,0.00455566355958581
0.00015409733168780804,0.0037730992771685123,0.004555150400847197
0.0005996462423354387,0.0037332570645958185,0.004566549323499203
0.0005997000844217837,0.003789494978263974,0.004580653738230467
0.0005323654040694237,0.003784936387091875,0.0045774877071380615
0.0005993560771457851,0.0035775993019342422,0.0045205228962004185
0.00039833656046539545,0.0037758564576506615,0.004570318385958672
0.0005994291859678924,0.0035890089347958565,0.004522131290286779
0.00034179125213995576,0.0037751079071313143,0.004567080643028021
0.0007994555053301156,0.003597449278458953,0.004540025256574154
0.0007981762755662203,0.0034826979972422123,0.0045090909115970135
0.0011951698688790202,0.003589519765228033,0.004566126503050327
0.0009985084179788828,0.0035985386930406094,0.004555817227810621
0.000996456597931683,0.0034593003802001476,0.0045090909115970135
0.0011935174698010087,0.003397431457415223,0.0045090909115970135
0.001391474506817758,0.0035796554293483496,0.004582894966006279
0.001590847852639854,0.0035801713820546865,0.004602478351444006
0.0019870486576110125,0.0033779917284846306,0.004595451056957245
0.002030631061643362,0.0036188510712236166,0.004637904930859804
0.0017893315525725484,0.0035781969781965017,0.004625205881893635
0.002169363433495164,0.00353725696913898,0.004636357072740793
0.0021786573342978954,0.0033670389093458652,0.0046166968531906605
0.0023975742515176535,0.0033862446434795856,0.004631287418305874
-0.0011973375221714377,0.003795039374381304,0.004633212462067604
-0.0011984684970229864,0.00397193618118763,0.004661382641643286
-0.0013900810154154897,0.003773994743824005,0.004644816275686026
-0.001366624142974615,0.00391725730150938,0.004665731452405453
-0.0008026602445170283,0.0038124725688248873,0.004612484015524387
-0.0008453319314867258,0.004062052816152573,0.004661052953451872
-0.0010030813282355666,0.003815511940047145,0.004625764209777117
-0.0010190252214670181,0.004021785221993923,0.004658091813325882
-0.00059790926752612,0.00397898256778717,0.0046478742733597755
-0.00039723716326989233,0.00396767258644104,0.004632056225091219
-0.00019861779583152384,0.00397092429921031,0.004630323499441147
-2.2777539945319225e-13,0.003973337821662426,0.004626929294317961
0.0001986177812796086,0.00397092429921031,0.004629295784980059
0.0003972371341660619,0.00396767258644104,0.004629816859960556
0.0008026601281017065,0.0038124721031636,0.0046079643070697784
0.0008453319314867258,0.004062052816152573,0.00465642474591732
0.00059790926752612,0.00397898256778717,0.004644178785383701
0.001197337405756116,0.00379503914155066,0.0046282266266644
0.0011984684970229864,0.00397193618118763,0.004656744655221701
0.0010030812118202448,0.0038155117072165012,0.004620785359293222
0.0010190252214670181,0.004021785221993923,0.004653193987905979
0.001366624142974615,0.00391725730150938,0.004662191960960627
0.001390080782584846,0.0037739945109933615,0.0046395654790103436
0.0016303323209285736,0.0038156933151185513,0.004649423528462648
-0.0013909138506278396,-0.0034153228625655174,0.004100000020116568
0.0013910173438489437,-0.0034462083131074905,0.004100000020116568
-0.001366624142974615,-0.00391725730150938,0.00421419832855463
-0.0011984684970229864,-0.00397193618118763,0.004206852056086063
-0.0010190252214670181,-0.004021785221993923,0.004200322087854147
-0.0008453319314867258,-0.004062052816152573,0.004198101814836264
0.0010190252214670181,-0.004021785221993923,0.004205983132123947
0.0011984684970229864,-0.00397193618118763,0.004210034850984812
0.001366624142974615,-0.00391725730150938,0.004213318228721619
-0.002169363433495164,-0.00353725696913898,0.004236995242536068
-0.002030631061643362,-0.0036188510712236166,0.004225065000355244
0.002169363433495164,-0.00353725696913898,0.004226125311106443
0.0026189188938587904,-0.003217830555513501,0.004233477637171745
0.0030322340317070484,-0.0028316201642155647,0.004242437891662121
-0.003536706091836095,-0.0021690342109650373,0.0042791105806827545
0.0033862364944070578,-0.002397561678662896,0.0042694308795034885
-0.0036184494383633137,-0.0020296559669077396,0.004279805347323418
0.00374805461615324,-0.0017801130888983607,0.004290004260838032
-0.0038367435336112976,-0.0015750625170767307,0.0043045454658567905
-0.00383509648963809,-0.0013805406633764505,0.0043045454658567905
-0.003918159287422895,-0.0013669064501300454,0.0043185981921851635
0.003814994590356946,-0.0016306678298860788,0.004294027108699083
0.003860490396618843,-0.0015143485506996512,0.0043045454658567905
0.003918159287422895,-0.0013669064501300454,0.00431810412555933
-0.0038776632864028215,-0.0011990093626081944,0.0043045454658567905
-0.0039000920951366425,-0.001011290936730802,0.0043045454658567905
-0.0039724791422486305,-0.0011997276451438665,0.004321894608438015
-0.004021835047751665,-0.001020975410938263,0.004327614326030016
0.0039724791422486305,-0.0011997276451438665,0.004324235022068024
0.004021835047751665,-0.001020975410938263,0.004331811796873808
-0.003909818362444639,-0.0008208070648834109,0.0043045454658567905
-0.003899493021890521,-0.0005993869272060692,0.0043045454658567905
-0.004061706829816103,-0.0008470086031593382,0.00433922978118062
-0.003979305736720562,-0.0005985846510156989,0.004334136378020048
-0.004109497182071209,-0.0005745489033870399,0.004358498379588127
0.004061706829816103,-0.0008470086031593382,0.004345075227320194
0.003979305271059275,-0.0005985800526104867,0.004340991377830505
0.004109497182071209,-0.0005745489033870399,0.004364729393273592
-0.0038943514227867126,-0.00039789502625353634,0.0043045454658567905
-0.003875718219205737,-0.00019876718579325825,0.0043045454658567905
-0.004131104331463575,-0.00039394895429722965,0.004363236017525196
-0.003968501929193735,-0.00039741542423143983,0.004329785238951445
-0.0041452087461948395,-0.00019822208560071886,0.004377738572657108
-0.003971958067268133,-0.0001985567359952256,0.004344006534665823
0.003968501463532448,-0.0003973938582930714,0.004335534758865833
0.004131104331463575,-0.00039394895429722965,0.004368690773844719
0.0039719571359455585,-0.00019846366194542497,0.0043493229895830154
0.0041452087461948395,-0.00019822208560071886,0.004382421262562275
-0.0038073507603257895,-1.559073155021906e-07,0.0043045454658567905
-0.003801308572292328,0.00019880164472851902,0.0043045454658567905
-0.0041499873623251915,-5.11501809796755e-07,0.004388040862977505
-0.0039744204841554165,-2.528796017031709e-07,0.004353849682956934
-0.0041452087461948395,0.00019822208560071886,0.004400796256959438
-0.003971953876316547,0.000198443973204121,0.004369670990854502
0.003974420018494129,1.958013626790489e-07,0.004359540995210409
0.0041499873623251915,5.11501809796755e-07,0.004392973612993956
0.003971952944993973,0.00019853474805131555,0.004374442622065544
0.0041452087461948395,0.00019822208560071886,0.004405155312269926
-0.004131104331463575,0.00039394895429722965,0.004411648493260145
-0.003968499135226011,0.0003973881248384714,0.0043839565478265285
-0.004109497182071209,0.0005745489033870399,0.004426263738423586
-0.003979303874075413,0.0005985784810036421,0.0044072833843529224
0.003968499135226011,0.0003974083811044693,0.0043887002393603325
0.004131104331463575,0.00039394895429722965,0.004416137468069792
0.003979303874075413,0.0005985826719552279,0.0044121225364506245
0.004109497182071209,0.0005745489033870399,0.004430850502103567
-0.004061706829816103,0.0008470086031593382,0.0044312430545687675
-0.003812383161857724,0.0008039959939196706,0.004388440866023302
-0.004021835047751665,0.001020975410938263,0.004449734929949045
-0.003815591800957918,0.0010045667877420783,0.0044200425036251545
0.003812382696196437,0.0008039975073188543,0.004392298869788647
0.004061706829816103,0.0008470086031593382,0.0044351196847856045
0.0038155915681272745,0.001004567020572722,0.004422289784997702
0.004021835047751665,0.001020975410938263,0.004451396409422159
-0.0037953644059598446,0.0011983842123299837,0.004446566104888916
-0.0039724791422486305,0.0011997276451438665,0.004470910411328077
-0.003918159287422895,0.0013669064501300454,0.004494875203818083
-0.0037742287386208773,0.0013905282830819488,0.004480117466300726
0.0037953644059598446,0.0011983842123299837,0.004447546321898699
0.0039724791422486305,0.0011997276451438665,0.004471636842936277
0.0037742287386208773,0.0013905282830819488,0.004478871822357178
0.003918159287422895,0.0013669064501300454,0.004493436310440302
-0.003852762281894684,0.0015341072576120496,0.0045090909115970135
-0.0035798049066215754,0.001591045525856316,0.004470501560717821
-0.003579641692340374,0.0013918679906055331,0.004424134269356728
-0.0035784891806542873,0.001740610576234758,0.0045090909115970135
-0.0035398981999605894,0.0017890220042318106,0.0045090909115970135
0.0035796419251710176,0.001391868107020855,0.004423936363309622
0.0035798053722828627,0.001591045642271638,0.004467685706913471
0.003796493401750922,0.0016275509260594845,0.0045090909115970135
0.00357822491787374,0.0017707226797938347,0.0045090909115970135
0.0033777060452848673,0.0019865327049046755,0.004507739562541246
0.003377398941665888,0.001991924364119768,0.0045090909115970135
-0.0031749489717185497,0.0021836215164512396,0.004507037345319986
0.0031749496702104807,0.0021836215164512396,0.0044985306449234486
0.0032122284173965454,0.002182618249207735,0.0045090909115970135
0.00374805461615324,0.0017801130888983607,0.004534792620688677
-0.003536706091836095,0.0021690342109650373,0.004569819662719965
-0.0032177071552723646,0.0026199340354651213,0.004591428674757481
-0.00283326325006783,0.0030320356599986553,0.0046174181625247
-0.0023975742515176535,0.0033862446434795856,0.0046421680599451065
-0.0017796320607885718,0.0037478723097592592,0.004656538832932711
-0.0016303323209285736,0.0038156933151185513,0.004653742536902428
0.0017796320607885718,0.0037478723097592592,0.00465276138857007
-0.0005743371439166367,0.004108920227736235,0.004672355949878693
-0.0003939410380553454,0.004130047746002674,0.0046655950136482716
-0.00019856177095789462,0.004144034348428249,0.004666788503527641
-3.1169079515574954e-18,0.004148788284510374,0.004665174521505833
0.00019856177095789462,0.004144034348428249,0.004665636923164129
0.0003939410380553454,0.004130047746002674,0.004663996398448944
0.0005743371439166367,0.004108920227736235,0.004670009016990662
-0.001194041920825839,-0.00345842307433486,0.004100000020116568
-0.000997555092908442,-0.0035341389011591673,0.004100000020116568
-0.0007966575212776661,-0.0035973123740404844,0.004100000020116568
-0.0007994378684088588,-0.0035962830297648907,0.004100000020116568
0.0007994519546627998,-0.0035974353086203337,0.0040918514132499695
0.0008761311182752252,-0.0035978408996015787,0.004100000020116568
0.0009979603346437216,-0.0035617873072624207,0.004100000020116568
0.0011943774297833443,-0.003497578902170062,0.004100000020116568
-0.0019857066217809916,-0.0030038258992135525,0.004100000020116568
0.0019856791477650404,-0.003042249707505107,0.004100000020116568
-0.003566728439182043,0.000800043111667037,0.0043045454658567905
-0.0034634035546332598,0.0009975372813642025,0.0043045454658567905
-0.003597563598304987,0.0008004061528481543,0.004314367193728685
-0.003598701674491167,0.0009995100554078817,0.004354552831500769
0.003597560338675976,0.0008004069677554071,0.004319440107792616
0.0035986986476927996,0.0009995097061619163,0.004357847385108471
-0.0035896683111786842,0.0011959262192249298,0.004386683460325003
0.0035896676126867533,0.0011959263356402516,0.004388225264847279
-0.0031763212755322456,0.0019853597041219473,0.004452263470739126
0.0031763219740241766,0.0019853601697832346,0.004446028731763363